<?xml version="1.0"?>
<!--========================================================================
	
	Creator: Tim Goodwill
	Date   : 2016
	Title  : SIT DPESB Environment File
	Publisher: DPDirect
	
	Description and Usage:
	This file is to store environmental differences for use during the
	deployment process.
	 
	file but has been extended to meet ESB Project Requirements.
	
	History:
	2016-12-12	v1.0	Tim Goodwill 				Initial Version with History.

	========================================================================-->
<env name="SIT" description="System Test Environment">
	<location name="datapower_deployment_server" id="E15.0x">
		<host name="mgtserver">
			<push dir="/opt/esb/deploy/artefacts/"/>
			<config dir="/opt/esb/deploy/exec/"/>
			<deploy dir="/opt/esb/deploy/exec/do_deploy.sh"/>
			<log dir="/opt/esb/deploy/logs"/>
			<!-- Datapower Environment Parameters to Control Deployment-->
			<container type="dps" version="1.0" basedir="E:\projects\dpbuild\sdlc-deploy\datapower\deploy">
				<parameter name="dp.hostname.list" value="dpgateway01,dpgateway02"/>
				<parameter name="dp.port" value="5550"/>
				<parameter name="esb.domain" value="DPESBSIT"/>
				<parameter name="esb.xmlmanager" value="DomainDefaultCache"/>
				<parameter name="debug" value="false"/>
				<parameter name="fail.on.error" value="true"/>
				<parameter name="rollback.on.error" value="true"/>
			</container>
			<!-- Datapower Environment Variables for Config Injection-->
			<esbpropertys name="environment_properties">
				<!-- Environment -->
				<parameter name="esbproperty://envName" value="SIT"/>
				<parameter name="esbproperty://esbEchoHttpEndpoint" value="http://DPESBSIT:10000"/>
				<!-- SERVICELOG Logging -->
				<parameter name="esbproperty://logging/capturePointLogs" value="none"/>
				<parameter name="esbproperty://logging/successLog/putUrl/1"
					value="dpmq://ESB_Internal_Grp_RealTime_V1/?RequestQueue=DPXML.SERVICE.LOG;AsyncPut=true"/>
				<parameter name="esbproperty://logging/errorLog/putUrl/1"
					value="dpmq://ESB_Internal_Grp_RealTime_V1/?RequestQueue=DPXML.ERROR.LOG;AsyncPut=true"/>
				<!-- Stats Logging -->
				<parameter name="esbproperty://logCategory/esbStats/DPESBSIT" value="DPESBSIT_ServiceStats"/>
				<parameter name="esbproperty://logTarget/url"
					value="http://logserver.dpdirect.org:8090/dplog/add-log-entry/"/>
				<parameter name="esbproperty://logTarget/remoteSystemManagement/address" value="logserver.dpdirect.org"/>
				<parameter name="esbproperty://logTarget/remoteSystemManagement/port" value="23456"/>
				<parameter name="esbproperty://logCategory/esbStats/ESB" value="ESB_ServiceStats"/>
				<parameter name="esbproperty://authorisation/signature/signingKey" value="authenticationManager"/>
				<!-- LDAP -->
				<parameter name="esbproperty://authorisation/ldapConf/hostName" value="ldapserver"/>
				<parameter name="esbproperty://authorisation/ldapConf/portNumber" value="389"/>
				<parameter name="esbproperty://authorisation/ldapConf/bindDN" value="cn=admin,dc=example,dc=com"/>
				<parameter name="esbproperty://authorisation/ldapConf/targetDnTemplate" value="dc=example,dc=com"/>
				<parameter name="esbproperty://authorisation/ldapConf/groupPrefix" value="ESB"/>
				<parameter name="esbproperty://authorisation/ldapConf/searchScope" value="sub"/>
				<parameter name="esbproperty://authorisation/ldapConf/ldapVersion" value="V3"/>
				<!-- openldap -->
				<parameter name="esbproperty://authorisation/ldapConf/groupAttributeName" value="memberOf"/>
				<parameter name="esbproperty://authorisation/ldapConf/groupsUrl" value="http://DPESBSIT:4446/getGroups"/>
			</esbpropertys>
			<!-- Datapower Environment Variables for Config Injection-->
			<injection name="environment_properties">
				<!-- DP Echo Endpoint -->
				<parameter name="esbEchoHttpEndpoint" value="http://DPESBSIT:10000"/>
				<!-- Domain Host Alias -->
				<parameter name="esbApplianceHostName1" value="dpgateway01"/>
				<parameter name="esbApplianceHostName2" value="dpgateway02"/>				<parameter name="esbLocalHostAlias" value="DPESBSIT"/>
				<!-- STS SAML Validation endpoint-->
				<parameter name="stsValidateServiceEndpoint" value="http://DPESBSIT:4443/STS"/>
				<!-- default encryption algorithms-->
				<parameter name="esbDefaultEncryptionAlgorithm" value="http://www.w3.org/2001/04/xmlenc#aes256-cbc"/>
				<parameter name="esbDefaultKeyTransportAlgorithm" value="http://www.w3.org/2001/04/xmlenc#rsa-1_5"/>
				<parameter name="esbDefaultDigestAlgorithm" value="http://www.w3.org/2001/04/xmlenc#sha256"/>
				<!-- Logging -->
				<parameter name="logCategoryServiceStats" value="DPESBSIT_ServiceStats"/>
				<parameter name="logTargetUrl" value="http://logserver.dpdirect.org:8090/dplog/add-log-entry/"/>
				<parameter name="logTargetRemoteSystemManagementAddress" value="logserver.dpdirect.org"/>
				<parameter name="logTargetRemoteSystemManagementPort" value="23456"/>
			</injection>
			<!-- Datapower Environment xconfig insertions-->
			<insertions name="environment_insertions">
				<!--				<insertion parentClass="LoadBalancerGroup" parentName="Target_LBG">
					<LBGroupMembers parentClass="LoadBalancerGroup" parentName="Target_LBG">
						<Server>server.local</Server>
						<Weight>1</Weight>
						<MappedPort>80</MappedPort>
						<Activity/>
						<HealthPort/>
					</LBGroupMembers>
				</insertion>-->
			</insertions>
		</host>
	</location>
</env>
<!-- *************************************************************** -->
